,preprocessor,estimator,best_train_score,best_test_score,time_weighted_score,roc_auc,train_test_variance,fit_time_seconds,predict_time_seconds,best_params,subreddits,date
0,TfidfVectorizer,XGBoost Classifier,0.766,0.616,63.336,0.872,0.196,9.61,0.12,"{'xgbclassifier__n_estimators': 100, 'xgbclassifier__max_depth': 10, 'xgbclassifier__hidden_layer_sizes': 25, 'tfidfvectorizer__use_idf': False, 'tfidfvectorizer__strip_accents': 'unicode', 'tfidfvectorizer__norm': 'l2', 'tfidfvectorizer__ngram_range': (1, 1), 'tfidfvectorizer__min_df': 2, 'tfidfvectorizer__max_features': 5000, 'tfidfvectorizer__max_df': 0.895}","bigdata, aws, learnsql, postgresql, scala, machinelearning, python, dataengineering",2020-05-14 00:00:02.792638
1,TfidfVectorizer,MLPClassifier,0.888,0.653,10.191,0.897,0.264,64.063,0.052,"{'tfidfvectorizer__use_idf': True, 'tfidfvectorizer__strip_accents': 'ascii', 'tfidfvectorizer__norm': 'l2', 'tfidfvectorizer__ngram_range': (1, 2), 'tfidfvectorizer__min_df': 2, 'tfidfvectorizer__max_features': 7000, 'tfidfvectorizer__max_df': 0.99, 'mlpclassifier__hidden_layer_sizes': (100,), 'mlpclassifier__alpha': 0.250075, 'mlpclassifier__activation': 'relu'}","bigdata, aws, learnsql, postgresql, scala, machinelearning, python, dataengineering",2020-05-14 00:00:02.792638
2,TfidfVectorizer,Logistic Regression,0.792,0.646,2173.343,0.892,0.184,0.262,0.035,"{'tfidfvectorizer__use_idf': True, 'tfidfvectorizer__strip_accents': 'ascii', 'tfidfvectorizer__norm': 'l2', 'tfidfvectorizer__ngram_range': (1, 1), 'tfidfvectorizer__min_df': 2, 'tfidfvectorizer__max_features': 5000, 'tfidfvectorizer__max_df': 0.8475, 'logisticregression__solver': 'lbfgs', 'logisticregression__fit_intercept': False, 'logisticregression__C': 0.745}","bigdata, aws, learnsql, postgresql, scala, machinelearning, python, dataengineering",2020-05-14 00:00:02.792638
3,TfidfVectorizer,Random Forest,0.698,0.607,99.702,0.882,0.13,5.286,0.803,"{'tfidfvectorizer__use_idf': False, 'tfidfvectorizer__strip_accents': None, 'tfidfvectorizer__norm': 'l2', 'tfidfvectorizer__ngram_range': (1, 1), 'tfidfvectorizer__min_df': 2, 'tfidfvectorizer__max_features': 6000, 'tfidfvectorizer__max_df': 0.895, 'randomforestclassifier__n_estimators': 300, 'randomforestclassifier__min_samples_split': 0.01, 'randomforestclassifier__min_samples_leaf': 1, 'randomforestclassifier__max_depth': 500}","bigdata, aws, learnsql, postgresql, scala, machinelearning, python, dataengineering",2020-05-14 00:00:02.792638
4,TfidfVectorizer,K Nearest Neighbors,0.586,0.434,442.812,0.727,0.26,0.097,0.882,"{'tfidfvectorizer__use_idf': True, 'tfidfvectorizer__strip_accents': None, 'tfidfvectorizer__norm': 'l2', 'tfidfvectorizer__ngram_range': (1, 1), 'tfidfvectorizer__min_df': 14, 'tfidfvectorizer__max_features': 5000, 'tfidfvectorizer__max_df': 0.9425, 'kneighborsclassifier__n_neighbors': 7, 'kneighborsclassifier__metric': 'manhattan'}","bigdata, aws, learnsql, postgresql, scala, machinelearning, python, dataengineering",2020-05-14 00:00:02.792638
5,TfidfVectorizer,Multinomial Bayes Classifier,0.808,0.651,2296.131,0.895,0.194,0.238,0.046,"{'tfidfvectorizer__use_idf': True, 'tfidfvectorizer__strip_accents': 'unicode', 'tfidfvectorizer__norm': 'l2', 'tfidfvectorizer__ngram_range': (1, 2), 'tfidfvectorizer__min_df': 2, 'tfidfvectorizer__max_features': 7000, 'tfidfvectorizer__max_df': 0.99, 'multinomialnb__fit_prior': False, 'multinomialnb__alpha': 0.99}","bigdata, aws, learnsql, postgresql, scala, machinelearning, python, dataengineering",2020-05-14 00:00:02.792638
6,TfidfVectorizer,Support Vector Classifier,0.739,0.644,78.198,0.895,0.129,6.804,1.428,"{'tfidfvectorizer__use_idf': True, 'tfidfvectorizer__strip_accents': None, 'tfidfvectorizer__norm': 'l2', 'tfidfvectorizer__ngram_range': (1, 1), 'tfidfvectorizer__min_df': 2, 'tfidfvectorizer__max_features': 7000, 'tfidfvectorizer__max_df': 0.8, 'svc__kernel': 'sigmoid', 'svc__C': 0.8811111111111111}","bigdata, aws, learnsql, postgresql, scala, machinelearning, python, dataengineering",2020-05-14 00:00:02.792638
7,TfidfVectorizer,AdaBoost Classifier,0.426,0.414,187.85,0.709,0.029,1.965,0.237,"{'tfidfvectorizer__use_idf': True, 'tfidfvectorizer__strip_accents': None, 'tfidfvectorizer__norm': 'l1', 'tfidfvectorizer__ngram_range': (1, 2), 'tfidfvectorizer__min_df': 6, 'tfidfvectorizer__max_features': 6000, 'tfidfvectorizer__max_df': 0.99, 'adaboostclassifier__n_estimators': 200, 'adaboostclassifier__learning_rate': 0.1}","bigdata, aws, learnsql, postgresql, scala, machinelearning, python, dataengineering",2020-05-14 00:00:02.792638
8,TfidfVectorizer,Bagging Classifier Logistic Regression,0.776,0.643,9.254,0.895,0.171,69.379,0.116,"{'tfidfvectorizer__use_idf': True, 'tfidfvectorizer__strip_accents': 'ascii', 'tfidfvectorizer__norm': 'l2', 'tfidfvectorizer__ngram_range': (1, 2), 'tfidfvectorizer__min_df': 2, 'tfidfvectorizer__max_features': 6000, 'tfidfvectorizer__max_df': 0.8475, 'baggingclassifier__n_estimators': 50}","bigdata, aws, learnsql, postgresql, scala, machinelearning, python, dataengineering",2020-05-14 00:00:02.792638
9,TfidfVectorizer,Bagging Classifier,0.985,0.608,4.102,0.856,0.383,147.461,0.681,"{'tfidfvectorizer__use_idf': False, 'tfidfvectorizer__strip_accents': 'ascii', 'tfidfvectorizer__norm': 'l2', 'tfidfvectorizer__ngram_range': (1, 1), 'tfidfvectorizer__min_df': 2, 'tfidfvectorizer__max_features': 5000, 'tfidfvectorizer__max_df': 0.9425, 'baggingclassifier__n_estimators': 100}","bigdata, aws, learnsql, postgresql, scala, machinelearning, python, dataengineering",2020-05-14 00:00:02.792638
10,TfidfVectorizer,Extra Trees Classifier,0.985,0.628,9.483,0.881,0.362,63.132,3.137,"{'tfidfvectorizer__use_idf': False, 'tfidfvectorizer__strip_accents': None, 'tfidfvectorizer__norm': 'l1', 'tfidfvectorizer__ngram_range': (1, 1), 'tfidfvectorizer__min_df': 2, 'tfidfvectorizer__max_features': 6000, 'tfidfvectorizer__max_df': 0.8475, 'extratreesclassifier__n_estimators': 500, 'extratreesclassifier__bootstrap': True}","bigdata, aws, learnsql, postgresql, scala, machinelearning, python, dataengineering",2020-05-14 00:00:02.792638
11,TfidfVectorizer,Passive Agressive Classifier,0.799,0.636,1607.896,0.881,0.205,0.361,0.035,"{'tfidfvectorizer__use_idf': False, 'tfidfvectorizer__strip_accents': None, 'tfidfvectorizer__norm': 'l1', 'tfidfvectorizer__ngram_range': (1, 1), 'tfidfvectorizer__min_df': 2, 'tfidfvectorizer__max_features': 6000, 'tfidfvectorizer__max_df': 0.99, 'passiveaggressiveclassifier__fit_intercept': True, 'passiveaggressiveclassifier__C': 0.05263157894736842}","bigdata, aws, learnsql, postgresql, scala, machinelearning, python, dataengineering",2020-05-14 00:00:02.792638
12,TfidfVectorizer,Stochastic Gradient Descent Classifier,0.747,0.631,1543.28,0.881,0.155,0.359,0.05,"{'tfidfvectorizer__use_idf': False, 'tfidfvectorizer__strip_accents': 'ascii', 'tfidfvectorizer__norm': 'l1', 'tfidfvectorizer__ngram_range': (1, 2), 'tfidfvectorizer__min_df': 2, 'tfidfvectorizer__max_features': 5000, 'tfidfvectorizer__max_df': 0.99, 'sgdclassifier__penalty': 'l2', 'sgdclassifier__l1_ratio': 0.75, 'sgdclassifier__fit_intercept': False, 'sgdclassifier__alpha': 0.0001}","bigdata, aws, learnsql, postgresql, scala, machinelearning, python, dataengineering",2020-05-14 00:00:02.792638
13,TfidfVectorizer,Linear SVC,0.797,0.649,1589.715,0.881,0.186,0.357,0.052,"{'tfidfvectorizer__use_idf': True, 'tfidfvectorizer__strip_accents': 'ascii', 'tfidfvectorizer__norm': 'l2', 'tfidfvectorizer__ngram_range': (1, 2), 'tfidfvectorizer__min_df': 2, 'tfidfvectorizer__max_features': 6000, 'tfidfvectorizer__max_df': 0.895, 'linearsvc__fit_intercept': False, 'linearsvc__C': 0.1}","bigdata, aws, learnsql, postgresql, scala, machinelearning, python, dataengineering",2020-05-14 00:00:02.792638
