,title,subreddit
0,NHS health care..told I don‚Äôt need further help..,depression
1,I just want to end it,depression
2,Sort of a random question but how bad is it if parents have been physically n mentally abuse their own child who also have autism?,depression
3,I feel nothing,depression
4,im fucking stupid,depression
5,Motivation?,depression
6,I went to a mental hospital for a week and it saved my life.,depression
7,My father is abusive and I have no way of getting my own house,depression
8,I have everyone‚Äôs issues.,depression
9,How to put your past life in the right perspective?,depression
10,everybody is fake,depression
11,I am already dead.,depression
12,What to do all day?,depression
13,First time seeing a psychiatrist but I‚Äôm high asf,depression
14,The Feeling of Complete Uncertainty,depression
15,Not Wanting to Exist,depression
16,"I don't want to work a typical ""first job"" because I think it would exacerbate my depression. I want to go to college mainly to make friends and be with people my age but I don't know what to study.",depression
17,I‚Äôm failing at everything I do and I can‚Äôt cope anymore.,depression
18,I feel like I‚Äôve wasted my whole year being sad.,depression
19,2nd post this week. I am done feeling forgotten,depression
20,A break from life is all I need,depression
21,Just want to end it tonight,depression
22,Seeing a psychotherapist for the first time,depression
23,I had coffee with a girl this morning,depression
24,What else do I need to do to improve how I'm feeling?,depression
25,Any subs for spousal support,depression
26,What goes up must come back down,depression
27,I feel like I've lost everything.,depression
28,It has gotten worse once again,depression
29,Is listening to sad music okay or should you just cut it all out? :/,depression
30,I need help,depression
31,Can't bring myself to seek help about literally anything wrong with me,depression
32,Depression and work!,depression
33,I have finally been able to talk to someone about how I feel.,depression
34,"I have brainwashed myself to escape from the pain. As a result, I am doing literally nothing but putting efforts in avoidance. Anyone?",depression
35,Need advice regarding taking SSRIs for depression and anxiety,depression
36,Soon to be in debt from failing scholarship obligations.,depression
37,Experiences taking Viibryd,depression
38,Just going outside worked wonders for me,depression
39,Really good read about passive suicidal thoughts. I thought I was the only one.,depression
40,Yoga!,depression
41,"I Wish i could open up a little more, i always keep everything inside",depression
42,Chasing hapoines is fools quest,depression
43,Why can‚Äôt I ever look good?,depression
44,I don't know what I feel anymore...,depression
45,i'll never have sex in my life,depression
46,Depression stole most of my teenage life and i‚Äôm afraid i‚Äôm going to stay like this,depression
47,WTF is up with me???,depression
48,I can't do this anymore,depression
49,What if I don't want to be happy?,depression
50,Im screwing up everything,depression
51,I wonder..,depression
52,Send help and advice,depression
53,What warning signs do you notice that signal you're slipping back into a depressive episode?,depression
54,Depression is as much worse when you live alone,depression
55,I think when my friends ask me to come hangout with them that it‚Äôs out of pity.,depression
56,What it‚Äôs like in a Psych Ward:,depression
57,Helped me more than meds 23F,depression
58,I can't wait for my appointment with my psychiatrist. I'm going to see him on the next week after 2 years of break.,depression
59,It's getting hurt really bad,depression
60,It is so hard for me to get out of bed and go to work....,depression
61,"I want to kill myself, but I don‚Äôt know if I should.",depression
62,Im Giving myself until 7/1/2021,depression
63,We can do it :),depression
64,i'm tired of life,depression
65,Sad because alone. Alone because sad,depression
66,Pills aren't working,depression
67,Today is a better day,depression
68,What small steps you take to reverse the negative thought-spirals?,depression
69,"Woke up, felt like crap. Back to bed.",depression
70,Doings.,depression
71,How do you live when you have to work?,depression
72,Today is my birthday,depression
73,Constant Mood Swings...,depression
74,"Made myself a childhood deal that if things didn't improve by 25, I'd kill myself. I'm 24 now and I think I'm ready.",depression
75,How tired do you feel after feeling depressed?,depression
76,I genuinely wish i wasnt born.,depression
77,The one realization that cured my depression,depression
78,Decades of solitude,depression
79,The rigged game of life,depression
80,I'm sick of everything.,depression
81,Confused,depression
82,"does anyone else feel like they‚Äôre in a trance, of sorts? as if they‚Äôre just floating through life - which feels intangible in itself - with very little or no purpose?",depression
83,Do you ever get depressed from being a social person?,depression
84,Optimistic for no reason?,depression
85,Suicidal since 12.,depression
86,My instability in my weird life. [Rant?],depression
87,I think the i found out why i have depresion.,depression
88,New here.,depression
89,My mom told me that my depression is god‚Äôs way of punishing her,depression
90,Jealousy,depression
91,This subreddit is fucking trash and does the opposite effect for me,depression
92,I don't remember how to take care of myself.,depression
93,I hate myself,depression
94,How to deal with the family?,depression
95,Please help me worldbuilding is all that keeps me alive,depression
96,Is it better to end myselfÔºü,depression
97,I'm desperate,depression
98,i give up,depression
99,I realize now why I deeply disliked some people.,depression
100,How should I approach therapy?,depression
101,How can I cope with the fear of been bullied?,depression
102,If I could give all my good health and years of my life away I would.,depression
103,Right when things were starting to get a little better,depression
104,Strange feeling that everything is meaningless,depression
105,My story so far which I just need to get out into the world.,depression
106,Life feels so directionless and empty,depression
107,Starting work might give me the push to kill myself,depression
108,Why can't i just be fucking normal,depression
109,"For anyone who needed someone to listen, I am here.",depression
110,Icarus,depression
111,Is it worth checking into a mental hospital?,depression
112,Waiting for your counsellor to email back.,depression
113,How to last?,depression
114,Feelin' Like I'm Experiencing Some Kind of Crisis Right Now!? What to Do?,depression
115,25yo f looking for some comfort,depression
116,Can you just snap out of depression?,depression
117,Having absolutely no one that cares makes it all not worth it at all,depression
118,The pain,depression
119,Forever in pain,depression
120,HIRING &gt; A KILLER,depression
121,Need help getting rid of anger and hate.,depression
122,Conquering my depression has been the chief motivation force in my life lately,depression
123,I hate celebrations.,depression
124,"antidepressants don't help, therapy isn't what's helping me get better, and i'm almoat to the point which i don't care if my mom gets very sad if i KMS",depression
125,I don't want to exist anymore...,depression
126,How many feel and know of their utter uselessness?,depression
127,"Haven't slept in 2 days, Depressed. Help please",depression
128,the good old 7 O' Clock,depression
129,I've been feeling nothing.,depression
130,About to lose my job,depression
131,How to deal with guilt and shame and learn to forgive myself?,depression
132,"""If at first you don't succeed. Give up and fucking quit!""... That's how I feel right now",depression
133,RIP Dad.,depression
134,idk kind of about religion so..,depression
135,Friends only want to hangout when it's convenient for them or need a favor. They tune me when I try to reach out and constantly ditch me for the S.O. I want to be normal like them. Suicidal thoughts looming....,depression
136,Screaming into the void,depression
137,Giving up on life???,depression
138,Having sex doesn't cut it anymore,depression
139,It‚Äôs so confusing,depression
140,"I am wanting life to ""go faster"". Has anyone else experienced this?",depression
141,I‚Äôm done,depression
142,yeet,depression
143,its almost time...,depression
144,I'm too fucking poor to go to college and I might have to drop out again.,depression
145,Does anyone remember the last time they were happy?,depression
146,Would anyone recommend cutting themselves?,depression
147,nobody cares...,depression
148,Aaaaaaaaaaaaaaaaaaaaaah,depression
149,Never felt more alone then I do rn,depression
150,I had to put my dog down today.,depression
151,Had a rough weekend,depression
152,Your mental illness explains your actions but it doesn‚Äôt justify them,depression
153,Had to put my dog down last Friday.,depression
154,Just need someone to talk to.,depression
155,Being ugly is one of the worst things in the world,depression
156,I became the abuser.,depression
157,my existenial post college job search crisis,depression
158,I just wish I could disappear from the world,depression
159,How can I not give in to self harm?,depression
160,I decided to post another poem,depression
161,Depression is my superpower,depression
162,I tried to numb the pain with alcohol for the 1st time,depression
163,Feeling a little numb,depression
164,I'm on my last legs.,depression
165,i‚Äôm so very confused,depression
166,Out,depression
167,I feel like I have no past.,depression
168,hallucinating right after waking up?,depression
169,I'm not sure where to go.,depression
170,My third suicide attempt was a failure too.,depression
171,Isolation.,depression
172,"ranting, rambling, thoughts at 3am",depression
173,"I just got up, looked in the mirror and saw my pimble covered ugly ass face. I don't want to get out.",depression
174,Sometimes I want to be left alone...,depression
175,"are these ""symptoms"" anything I should be concerned about?",depression
176,Social media usage linked to depression and low self esteem.,depression
177,Probably no one will read but here I go,depression
178,(':,depression
179,"One thing that kept me ""alive"" is gone now",depression
180,So I thought about it,depression
181,Severe OCD which also causes depressive thoughts.,depression
182,I'm not having fun anymore,depression
183,Realising how lonely I am and what friends I actually have!,depression
184,Ah fuck i got blood over my feet and they wont stop bleeding,depression
185,I cannot reach out to others or let anyone in.,depression
186,Just need someone to know,depression
187,When does this get better?,depression
188,One thing that kept me from being complete mess just disappeared,depression
189,I'm so touched starved I feel myself loosing it,depression
190,The Cycle,depression
191,It's been a rough start to the week and I still have 4 days to go...,depression
192,I truly am at the absolute bottom,depression
193,Barely keeping the facade up,depression
194,[Venting] I was doing so well...,depression
195,Depression vs sadness,depression
196,its seeping into my dreams and it sucks,depression
197,"Tired. Exhausted of feeling ""broken"" and I keep pushing people away.",depression
198,How I cope,depression
199,Sweet revenge,depression
200,[rant] 10 years ago was my first real suicide attempt.,depression
201,Depression &amp; anxiety creeping back in,depression
202,At My wits end with life.,depression
203,Today was good,depression
204,Anonymous post,depression
205,First time taking sertraline,depression
206,What I thought when I was deppressed,depression
207,The man who sexually assaulted me two days ago sent me a friend request on Facebook,depression
208,"I‚Äôm not mad, I‚Äôm just disappointed in myself.",depression
209,How do I tell my sister I was having thoughts of killing myself after she graduated,depression
210,This sub is toxic and you should be careful on it...,depression
211,Psychic visions?,depression
212,am i starting to get depressed?,depression
213,I just don't see a reason to go on...,depression
214,My little sister committed suicide.,depression
215,I hate my life,depression
216,I'm having trouble with staying positive,depression
217,My will to live is fucking gone,depression
218,How to socialize again after years of isolation?,depression
219,Distract me,depression
220,Question about diagnosis.,depression
221,I don‚Äôt want to exist anymore.,depression
222,"Does anybody else ever feel like they are unworthy of their desires, and/or incapable of attaining their goals?",depression
223,I found this sub today. Now I feel guilty for calling myself depressed.,depression
224,Nausea from unresolved emotions?,depression
225,What‚Äôs the first step?,depression
226,I'm suicidal again. I'm terrified. (TW: general idea of suicide),depression
227,Currently crying in bed,depression
228,Knowing I need help and actually getting help are two different things,depression
229,Birthday depression.,depression
230,"Depressed grad student, I can't see the light at the end of the tunnel.",depression
231,I feel like my life is falling apart,depression
232,"B.A. &amp; M.Ed., good career, had to take medical leave due to MDD and burnout. Now ECT and having memory issues. No idea what I will be able to do with my life now.",depression
233,Anyone else with Treatment Resistant Depression ?,depression
234,Can you guys please motivate me to not like a guy that treats me like SHIT AGAIN????,depression
235,Im finishing highschool this year but I feel like I learnt nothing...,depression
236,Why don't people care until I do something drastic/extreme?,depression
237,Relatable illustration about depression on üê¶,depression
238,I feel emotional empty.,depression
239,i miss my friends,depression
240,"I don't know exactly why, but I had a strong urge today to write down things that were going through my mind...I hope it could be an encouragement.",depression
241,"When Someone asked you to truly describe your depression, what did you say?",depression
242,the people who you think care about you will be the first ones to leave,depression
243,Feeling really bad and loney atm out alone at 5 am,depression
244,Just woke up with feeling that im about to die,depression
245,I'm confused,depression
246,I want to quit my job but my parents won't let me,depression
247,Some nights,depression
248,hey. Im new to this and expressing my feelings to strangers.,depression
249,I‚Äôve been doing ‚Äòso good‚Äô but really I am just so alone and right now I want to die more than ever,depression
250,Ten years and 4 kids later my gf left me for another guy.,depression
251,Depression is scary,depression
252,Does anyone else wake up depressed?,depression
253,"I may have ruined my relationship, but I finally reached out for help.",depression
254,Unfollowed the kid from my high school who killed himself,depression
255,Anyone hate that logic destroys your reason for being depressed?,depression
256,Idk,depression
257,When will it end,depression
258,How do I stop feeling like I‚Äôm worthless,depression
259,I don't feel right saying I have depression.,depression
260,"I don't know why, and I'm sorry.",depression
261,Strange feeling?,depression
262,I went to the gym today,depression
263,I‚Äôve not felt this awful in months.,depression
264,How to stop being oversensitive?,depression
265,Sinking down to nowhere,depression
266,"No one to talk to, no one to trust",depression
267,It‚Äôs back again.,depression
268,Team No Sleep?,depression
269,Does anyone else feel like they're having an existential crisis every day?,depression
270,Am I asking too much?,depression
271,Can't drink even a single beer and makes me feel like an outcast in social situations,depression
272,Change,depression
273,I‚Äôm my biggest demon.,depression
274,Today was my birthday.,depression
275,please tell me about your animals,depression
276,All human are scums,depression
277,Packing to move,depression
278,Anyone else relate?,depression
279,i am not,depression
280,i just cut again,depression
281,Laughter?,depression
282,I hope someones having a better day then me.,depression
283,i felt joy today!! i‚Äôm gaining positivity everyday!,depression
284,Fuck this place,depression
285,Im so bored but dont want to do anything. I want to wake up early but cant and dont want to sleep.,depression
286,Does anyone else deal with the weird urge to violently rip off your own skin?,depression
287,Weird.,depression
288,Im worthless.,depression
289,My last ‚Äúfriend‚Äù just ghosted me,depression
290,My mother has clinical depression on and off for 4 years and refuses to return to a doctor. Please help.,depression
291,I guess I‚Äôm a fuckup.,depression
292,what can i do?,depression
293,Question: Is it normal to get a extremely sad nostalgia feeling from events that happened not to long ago?,depression
294,Just posting cause something just happened and I need to vent.,depression
295,We can help,depression
296,"Depression relapse soon, I can feel it",depression
297,Just sad.,depression
298,Depression is bad and working makes it worse (venting),depression
299,Tips for low cost therapy in CA,depression
300,I dont want to go out anymore :(,depression
301,I‚Äôm really getting hopeless about depression,depression
302,Getting more and more suspicious about people.,depression
303,tonight is worrysome,depression
304,Just nothing,depression
305,Each day it's getting harder to keep it in.,depression
306,"I have 40 sleeping pills at the ready and I literally don't know why I just don't take them because honestly I enjoy nothing anymore and nobody really cares about me so like why live you know? I just want this nightmare to end, but it never ends, never.",depression
307,My old best friend who I cut off years ago invited me to his wedding this past weekend and I ended up having one of the best days/nights of my life. (long post),depression
308,how can I help,depression
309,So tired of life,depression
310,Questions about Viibryd,depression
311,A friend of mine took his life.,depression
312,No one cares about me enough to seek my company or hang out.,depression
313,I feel like being in a relationship and being loved will cure my depression.,depression
314,Has anyone pushed away a spouse due to depression?,depression
315,Feel so ashamed,depression
316,Nobody cares about this,depression
317,"I‚Äôm always sad, or angry, or anxious and I don‚Äôt have insurance",depression
318,5:33 am,depression
319,Is there such thing as a road to recovery and what does it look like?,depression
320,"I have no mouth, but I must scream",depression
321,My experience with depression.,depression
322,I feel so alone.,depression
323,Parenting with severe depression,depression
324,Having a crush when you‚Äôre depressed is fuckin horrible lol,depression
325,Another low day,depression
326,My friends forgot about me again today.,depression
327,Fed up as fuck,depression
328,I told my closest friend I was dealing with Depression,depression
329,I‚Äôm having an episode and it suuuuuuuuuuuuuuuuuuucksssss,depression
330,Trying to get out seems to backfire.,depression
331,Trying to overcome a major depressive episode,depression
332,Is this all just a bad dream?,depression
333,Coping,depression
334,I have tried for the better part of a month to be more positive and energetic around other people but...,depression
335,I don‚Äôt know what to do anymore.,depression
336,Does anyone else here know they are completely fucked and going to die some form of awful death?,depression
337,Not sure.,depression
338,Are these symptoms?,depression
339,Adult female. No friends. Socially isolated,depression
340,"Just lost gf of 7 yrs, suicidal",depression
341,Therapy for depression related guilt,depression
342,Help,depression
343,Having depression while living with our parents is so fucking hard,depression
344,Help if you can. I hope you find the help you need in whatever way that is.,depression
345,Trying to keep it light and fluffy today depression humour.,depression
346,"As much fun as I have sometimes with my fiancee, I still miss having friends to spend time with",depression
347,I read posts about people who grew up and didn‚Äôt do anything,depression
348,So a man goes to see his financial advisor...,depression
349,My best friend moved away and I can't stop crying.,depression
350,Giving up on life :'(,depression
351,I'm scared of my own mind,depression
352,I don't know what to do And I Fucking hate it,depression
353,"Depressed boyfriend left me, has anyone been through the same and they finally came around?",depression
354,Depressed in my 40s.,depression
355,"Rant: Everyone is ""There For You"" Until You Need Them To Be",depression
356,Make therapy free for Australian youth suffering with mental health issues,depression
357,I get so sad when I look at successful people,depression
358,I just get in this mood where I'm just not interested in anything at all,depression
359,I'm so fucking done.,depression
360,short poem,depression
361,One of those nights where my mind wont slow down and all I want to do is get away physically but I cant .... help,depression
362,Relationship,depression
363,Stuck in a toxic job and I am getting sick,depression
364,What is going on with me?,depression
365,I'm a massive failure,depression
366,i feel lost for the past 3.5 years,depression
367,i truly feel like i‚Äôm not good at anything,depression
368,Inhale-,depression
369,I have a folder on my computer,depression
370,Too many vices!,depression
371,"Depression, MCAT, and how I‚Äôm (failing) to get out of it by myself",depression
372,Why Should I Continue Living? üíÄ Here Are 10 Reasons (2019),depression
373,I tried to jump,depression
374,"I was babysitting a 7 year old girl today, she watched a movie the day before with some sort of suicide seen (not sure what movie) and she asked why someone would wanna kill themselves",depression
375,I'm want it to end,depression
376,I just need a hug,depression
377,Every fucking day,depression
378,I'm a waste of time and resources.,depression
379,Dear God. Please make me not wake up tomorrow.,depression
380,why doesn't anyone like me? I'm so alone :( what's the point,depression
381,I feel lost and terrified.,depression
382,How do you even explain the feeling of hopelessness,depression
383,How do I get new friends.,depression
384,Where do you draw the line.,depression
385,Take Care of a Broken Soul (Vent Poem #3),depression
386,Ruining everything,depression
387,i hate going out and love it at the same time,depression
388,I am in the break room at work and I accept that I don‚Äôt have what it takes,depression
389,I'm afraid this is it. I need help and I don't know what to do.,depression
390,Poetry to Help my Depression - 8# - The man in his castle.,depression
391,"Can anyone that has/is taking Wellbutrin for depression tell me what it made you feel like the first few weeks. I just started taking it, and I don‚Äôt know how to feel about it",depression
392,It's harder to cope when you live by yourself,depression
393,does anybody else get spurts of motivation and interests..,depression
394,The hardest question: What is your dream? What is your goal? What do you wanna do in your life?,depression
395,I‚Äôve already tried to kill my self yesterday and failed what do I do now?,depression
396,Think I need to go back to my psychiatrist,depression
397,My life is a fucking uphill battle,depression
398,how to quit a job for mental health reasons?,depression
399,Making it to retirement?,depression
400,why are my dreams normal ?,depression
401,A Positive Thought a Day: For the Anxious &amp; Depressed by Deidra Hall,depression
402,My I am successful in my career (somewhat) but never having dated anyone has damaged my self esteem.,depression
403,Was this a normal hospital experience?,depression
404,I‚Äôm exhausted and dying,depression
405,lexapro fried my fucking brain,depression
406,Everyone says I'm attention seeking and no one will help me,depression
407,Dont see any future...still here cuz i dont want to hurt my parents or friends,depression
408,I hate my life,depression
409,Depression,depression
410,The reasons to not live are piling up real high,depression
411,I can‚Äôt form bonds with anyone. Something is very wrong with me.,depression
412,WhY lABeL ThIs !,depression
413,I fail at absolutely everything and I don't know what to do,depression
414,I don't know what to do anymore,depression
415,Psychedelic trip epiphany,depression
416,Mom told me she had hard six months,depression
417,The Astronaut,depression
418,need some comforting words,depression
419,What to do when you feel like you've exhausted your loved ones and you can't get therapy just yet?,depression
420,I feel tired,depression
421,What do I do,depression
422,"Hello, I don't know if I am depressed, but...",depression
423,I have been depressed for about six years and have not told my parents. I‚Äôm glad I haven‚Äôt.,depression
424,Suicide is the only thought that consoles me,depression
425,How Long Should An Episode Last?,depression
426,My friend calls me fat and ugly,depression
427,Absolutely Shit Day...,depression
428,Does anyone else have (for lack of a better term) ‚Äúdespair climaxes?‚Äù,depression
429,My fucking father just said i‚Äôm selfish and think only about myself.,depression
430,I'm out of time and low on choices.,depression
431,I feel so fucking god damn alone.,depression
432,Problem with fake depression,depression
433,"Feeling sad and depressed feels so comfortable and ‚Äúgood‚Äù. But in reality it doesn‚Äôt feel comfortable or good, I‚Äôm just used to it.",depression
434,I'm here to help.,depression
435,I'm getting more depressed,depression
436,"Everytime I'm asleep it's like I'm in some far-away place and at peace. Then when I wake up the first thought that goes through my head is always ""Oh FUCK, back to THIS again""",depression
437,Cant see a way forward.,depression
438,Don't see any point in keeping up with anything.,depression
439,I wish to lose my mind,depression
440,My boyfriend has depression and my mom didn‚Äôt like it.,depression
441,SSRI vs SNRI,depression
442,quick vent about drugs sorry,depression
443,empty lol!,depression
444,DAE Feel like you deserve to feel this way?,depression
445,Uni,depression
446,Nothing Works,depression
447,"I don't feel sad or destroyed anymore, but I lost interest in everything",depression
448,help,depression
449,It's not too late...,depression
450,Has this happened to you guys?,depression
451,I always think people dislike me,depression
452,Does anybody here experience the same thing?,depression
453,Need to talk to someone,depression
454,Do I have salvation? Passing through horrible things lately (Inside myself).,depression
455,Gonna try to beat this,depression
456,"I always reminisce about the past, I never enjoy the present, and then when the present is gone, I miss it",depression
457,I stopped caring,depression
458,How do I help myself?,depression
459,I can't take it anymore *trigger warning*,depression
460,Im a 27 year old who is ready to call it quits,depression
461,progression,depression
462,My depression is ruining my relationship,depression
463,Where do I go to talk to someone that isn‚Äôt a suicide hotline?,depression
464,I have come to the conclusion,depression
465,"How University finished breaking me (please read, I need to feel heard)",depression
466,I decided to do something with myself this summer,depression
467,"I'm going off zoloft, feeling symptoms of withdrawal?..",depression
468,HELP! My boyfriend says he wants to kill himself,depression
469,I cant fucking enjoy anything anymore and it hurts so bad,depression
470,I feel like since I have such recurring depression that I'm not as entitled to help as others.,depression
471,privileged and depressed,depression
472,I feel like people are lying to me when they say that having a SO doesn‚Äôt make their depression any better,depression
473,Nobody ever invites me anywhere,depression
474,When summer vacstion turns from fun to hell,depression
475,I feel extremely sad,depression
476,I just need some support,depression
477,Had a dream that‚Äôs got me worried,depression
478,I just feel so lost,depression
479,Does anyone ever feel like a burden when making a doctor appointment?,depression
480,"Organized, goal-oriented lifestyle is so difficult",depression
481,The hostility and negativity I see on the internet makes me feel like the earth is a shitty place...,depression
482,Going for a walk,depression
483,I don‚Äôt know what to do,depression
484,The struggles of waking up,depression
485,I am just so tired,depression
486,Has anyone chatted with any national suicide prevention line?,depression
487,My depression is making me physically ill.,depression
488,my suicidal thoughts and my doctor,depression
489,The real question,depression
490,"Anyone else here is ""dumb""?",depression
491,Why does it feel like people around me are tired of my depression,depression
492,It's exactly like being mentally crippled,depression
493,Don't know what to do,depression
494,More depressed when physically sick?,depression
495,How do I open up to my boyfriend about depression and codependency in a non-selfish way?,depression
496,I feel like I've spent my whole life being depressed and haven't actually done anything.,depression
497,"It hurts, too much",depression
498,Should I switch therapists?,depression
499,Why the hell does my birthday make me so depressed?,depression
500,Poetry to help my Depression - #21 - Quiet House,depression
501,I'm Done,depression
502,Flashes,depression
503,I hate myself,depression
504,I think I made it,depression
505,So fucking depressed. Do nothing all day. Have zero social connections outside of school (I'm off for summer).,depression
506,I want to live. I dont want my friends and family to live without me.,depression
507,CBD for depression?,depression
508,I have reached a stage where I am in control of my depression and anxiety. Here are some tips that I hope will be useful,depression
509,Depression is worst if you don't live alone. But anxiety is better.,depression
510,"For my summer vacation,I‚Äôm going to bed",depression
511,I feel really bad at a camp and I don't know what to do.,depression
512,I just wanted to be happy,depression
513,Seems like people only care about themselves,depression
514,Having a hard time,depression
515,r/wholesomememes,depression
516,Anyone else just completely burnt-out from job hunting?,depression
517,The only person i love is in love with someone else,depression
518,Failed college,depression
519,I get tattoos to cure my depression.,depression
520,When will it get better,depression
521,I went to the shooting range and I felt as free as ever.,depression
522,Wi-Fi,depression
523,Depression vs my dreams,depression
524,The Importance of our Digital Well-Being for our Mental Health and Happiness,depression
525,So lost and don't know how to climb out,depression
526,"No matter how hard I try, I can't stop hating myself for the time I've wasted.",depression
527,To anyone who needs to hear this today,depression
528,Just when you think you are getting better...,depression
529,I am numb,depression
530,What‚Äôs wrong with me,depression
531,I fucked up my own life and now I'm stuck,depression
532,I'm never having children.,depression
533,"Just give me a fucking chance, I‚Äôm begging.",depression
534,I skipped work,depression
535,"Hello, for now",depression
536,Everyone around me just reminds me how I‚Äôm worthless,depression
537,"It's been 5 days since my birthday, i do happy at first but become gradually more stressed and it getting harder and harder everyday",depression
538,Careers for a depressed recluse?,depression
539,Getting better didn't make things better.,depression
540,How to stop crying?,depression
541,I [24F] from Toronto am going down a path of loneliness and isolation,depression
542,I just to let it out,depression
543,i‚Äôm so happy today!!,depression
544,Really sucks to know that there are teenagers that are way more successful than me doing the exact same things I dream to do,depression
545,My mom thinks im shit and now I wanna kill myself,depression
546,My student told me I looked depressed today,depression
547,"I finally managed to give an exam after 2 years of not having the strength to study it, but I don't feel any better then usual.",depression
548,How do you let go of the past?,depression
549,I have been a mess for a while now.,depression
550,19 year old college student on summer break. About to start my 2nd year and I'm extremely scared.,depression
551,Friends hate me. Any advice?,depression
552,Serious question for everyone: how do you guys get energy?,depression
553,My new struggle,depression
554,"Anyone got kind of lost with discipline after moving out? I don't even eat dinners anymore, just some bread with salami.",depression
555,DBT TREATMENT CENTRES,depression
556,I don't know what going on with me,depression
557,My family says I look like Tom Holland and it makes me so happy inside,depression
558,Help me..,depression
559,Just wanting to get this off my chest,depression
560,When people call you lazy..,depression
561,Help me stop feeling this way :(,depression
562,Does anyone else obsess over things to distract themselves.,depression
563,Only really just realised that I might be depressed,depression
564,Anyone Else Feel Like Life is Passing Them By? I'm Turning 43 Soon...,depression
565,"I am gonna do this for the first time. I hear about people cutting their wrists, and I am gonna try too!",depression
566,I hate feeling down for no reason at all.,depression
567,most of the people in my life know I'm depressed but haven't talked to me about it,depression
568,Can antidepressants work quickly?,depression
569,Depression Strikes Back,depression
570,"""Support from peeps""",depression
571,Using dreams,depression
572,Today marks one year since my fathers passing.,depression
573,Red alert!,depression
574,"Applying for disability in America, what to expect?",depression
575,"unemployed, diagnosed with depression",depression
576,Does anyone experience brief moments of happiness and then fall directly back into depression?,depression
577,reddit is making me realise that there are a lot of sad people out there. thats really sad in itself,depression
578,"Overwhelmed, alone and getting worse.",depression
579,Being an awkward teenager in your 30s.,depression
580,Is it weird that seeing teenagers hang out on a Summer day can be one of the highlights of my day?,depression
581,I keep obsessing on my mental health but I don't think I'm actually doing anything that is helpful,depression
582,My feelings aren't important.,depression
583,DAE just not give a fuck anymore?,depression
584,Pristiq side effects,depression
585,is it still worth it...,depression
586,Where do I go from here?,depression
587,question,depression
588,"Everyday, I want to tear myself apart.",depression
589,I feel envious I see my friends posting how successful they are in life.,depression
590,"I've come far, but always being tired is nothing I can win",depression
591,how do you go about maintaining friendships without energy?,depression
592,Experience with Mirtazapine (Remeron) and weight gain,depression
593,I don't know when I'll be okay,depression
594,I think i fucked up,depression
595,The Hard Truths,depression
596,Just because youre happy doesnt mean sadness leaves you,depression
597,having to work through a mental breakdown,depression
598,Today I read about a semi ramming into a car and killing a mother and her two kids.,depression
599,Sometimes I wish..,depression
600,Does anyone else just lose the will to live sometimes?,depression
601,My Brain Has Mental Fog,depression
602,I cant function much anymore.,depression
603,everyone in my family has a bright future except me,depression
604,Starting to relapse back into a depression mental state and I‚Äôm unsure of what to do.,depression
605,"Please say something, anything.",depression
606,Always happy for others but never for myself,depression
607,Losing hope,depression
608,I can't take life anymore (long post warning),depression
609,"is it normal being depressed because you can't get out as you want, your only chance to get out is with your family only wearing a specific black clothes with your face coverd to a specific places like a restaurant or the beach- you can't swim you just sit and watch it- or to school or work only?",depression
610,i feel lonely and messed up by having brown parents,depression
611,Being happy isn't a choice,depression
612,Doggie help?,depression
613,Getting a job when you don't want to exist?,depression
614,Can‚Äôt sleep.,depression
615,I'm an empty shell.,depression
616,"Weed, depression, getting a job",depression
617,Lifes heavy everyday,depression
618,"Sleep was my only escape, and now one of my biggest nightmare..",depression
619,i wanna die i'm just not sure how to,depression
620,Feeling so alone,depression
621,Does anyone care more for you family and friends than you do for yourself and then eventually realize they don‚Äôt care as much as you thought?,depression
622,Poetry to help my Depression - #20 - Clean,depression
623,I can‚Äôt even tell what‚Äôs real anymore. And I‚Äôm starting to not care.,depression
624,"I'm getting too tired to hate and, I'm afraid of the day I can't any longer.",depression
625,I don‚Äôt know how to feel real emotions anymore.,depression
626,I had another breakdown and I can't ask for help,depression
627,I don't know why I'm here,depression
628,I went to hang myself again this weekend,depression
629,"I don‚Äôt want to die, but I think about it all the time.",depression
630,"I'm not ok. There, I said it.",depression
631,"Have been consistently going to the gym for the past month. I look better, muscular even, but I feel the exact same way mentally, full of emptiness, exhaustion and devoid of emotion",depression
632,It just keeps getting worse,depression
633,Long read... Need to finally get this off my chest,depression
634,Relapsing depression,depression
635,"Nobody ever looks at a mentally ill person and think ‚Äúwow they are my type, they were definitely worth the effort and trial.‚Äù",depression
636,Does anyone else feel like their friends aren't really their friends?,depression
637,I'm tired of feeling incompetent,depression
638,Life‚Äôs fucked,depression
639,8 months out of a break up,depression
640,I‚Äôm so sad and have been alone my entire life.,depression
641,Really unsure whether this post will help,depression
642,I learned how to make a noose,depression
643,I‚Äôm afraid of losing my friends,depression
644,After arguing with my parents once again they have decided to go see a therapist,depression
645,I hate myself,depression
646,Day 3 of me forcing myself to exercise.,depression
647,I'm fucked,depression
648,"I never thought I'd post here but enough is enough. Any advice would be helpful, thank you.",depression
649,The current time is 2:19 am. I drank way too much tonight. This is my diary entry. Names changed so she doesn‚Äôt find this post,depression
650,Please don‚Äôt judge me and tell me my life is okay.,depression
651,"I‚Äôm never just fine, it‚Äôs either over the top happy or crying nonstop",depression
652,"Just need someone to talk to, that‚Äôs it.",depression
653,I did the things.,depression
654,Being right does not make me feel better,depression
655,So I got help (it helped a bit),depression
656,"So there's this song I really like by Fool's Garden called ""Lemon Tree""",depression
657,Get proper sleep guys,depression
658,My kids saved my life,depression
659,I feel completely emotionless.,depression
660,Loosing people,depression
661,The Light at the End,depression
662,Manic episodes are the worst part of depression for me,depression
663,"Please help, my mother is suicidal and I don‚Äôt know how to help her.",depression
664,Does anyone else get really annoyed when someone tells you 'Maybe you shouldn't be taking all that medication.'?,depression
665,Is it okay to disappear?,depression
666,I've never wanted to hurt myself,depression
667,I don't know what to do,depression
668,Can growing up in the wrong environment permanently ruin your expectations?,depression
669,Just got out of hospital and still feel eh,depression
670,I (19F) feel so hopeless in what seems like a never ending job search.,depression
671,Is there a light at the end of the tunnel?,depression
672,Anyone else get a disaster everytime things starts to sort of going in your favor?,depression
673,does anyone else feel like they get bullied all the time?,depression
674,Vitamin D,depression
675,It hurts so bad,depression
676,Vent,depression
677,I Don‚Äôt know if I wanna live or die,depression
678,I need some advice,depression
679,Sad....,depression
680,"ECT starting in a week, getting pretty nervous...",depression
681,don‚Äôt want to be better???,depression
682,Scared about not having any relationships.,depression
683,Hard Night need to vent,depression
684,Am I justified in being angry at others?,depression
685,is it just me,depression
686,I‚Äôm literally so tired of myself,depression
687,I cut myself pretty badly and I don't know what I feel.,depression
688,Need Help - Maladaptive Day Dreaming - Lack of Productivity - Depression,depression
689,How to get help despite hatred and distrust toward mental health professionals.,depression
690,Nearly died and didn't care,depression
691,Everything about life makes me so unhappy,depression
692,Lost in a dark place,depression
693,"Doc prescribed Lamotrigine/Lamictal, results seem varied to positive?",depression
694,Turning 20,depression
695,1st shower in 1 month,depression
696,I question for you guys about depression,depression
697,No one has wished me on my birthday,depression
698,"I was a gifted, bright child, and then around middle school got existential dread and wanted to kill myself, still do at 20",depression
699,I miss so many things in my life.,depression
700,I want to go home...but I dont know where home is,depression
701,Everything wrong with me,depression
702,I‚Äôm scared,depression
703,It Had Finally Happened,depression
704,How does one achive happiness when they're completely and helplessly stuck in a fog of mental illness.,depression
705,Honestly don‚Äôt know where to begin,depression
706,I absolutely can't take it anymore.,depression
707,"I can't afford my medication, having to quit cold turkey... I need help.",depression
708,First post trying to get stuff off my chest and using this as an outlet,depression
709,My mom supports my brother bullying me.,depression
710,Will the gym actually help?,depression
711,Can't stop sleeping,depression
712,Not trusting friends/family,depression
713,"Fitness, Self Care or Self Harm [RANT]",depression
714,Who am I,depression
715,I just want to cry,depression
716,"""What's depression like""?",depression
717,Friend,depression
718,Taking medication,depression
719,Imagine that alternate universe,depression
720,I won‚Äôt drink anymore,depression
721,Struggling for a bit.,depression
722,My wife was admitted via the Backer Act today. How can I help her?,depression
723,Coping with depression,depression
724,My school is hurting my mental health.,depression
725,I feel like a horrible person. But I'm not. You have to be a little selfish sometimes.,depression
726,"I'm scared, I'm 18 year old and have never dated",depression
727,What is this happenning to me?,depression
728,"Can‚Äôt sleep , thinking too much",depression
729,What's your dosage Wellbutrin SR?,depression
730,Depressed and confused,depression
731,I can‚Äôt believe I pulled myself out of bed for this shit...,depression
732,I just need someone who‚Äôs company I enjoy.,depression
733,I feel like such a failure that I seriously can't breath. I don't know what to do.,depression
734,i cry myself to sleep every night,depression
735,I'm gonna snap.,depression
736,I am pissing off everyone I meet.,depression
737,Cant seem to get a break,depression
738,Fuck it. I‚Äôm just gonna kill myself after high school,depression
739,Dealing with grief.,depression
740,I'm paying someone in weed to shoot me,depression
741,Finding release,depression
742,Things didnt get better...,depression
743,Just broken.,depression
744,I think I need help.,depression
745,Life lost,depression
746,Does anyone else just feel emotionally dead?,depression
747,"Need advice sticking to routine, staying alone and learning to say no",depression
748,death drive,depression
749,Feel like life isn't going to get better from now,depression
750,Exhausted myself out of suicide for tonight.,depression
751,It's so weird seeing depression in its physical form.,depression
752,I want Therapy /meds but can‚Äôt afford it.,depression
753,Existence feels overrated.,depression
754,Did you lose weight after stopping medication and counting calories?,depression
755,"Whenever someone says they are depressed and begin a sentence with ""...and my SO...""",depression
756,I'm tired of this,depression
757,this sucks,depression
758,Yesterday I did a deep clean of my living space for the first time in 2019 and I gotta say cleaning and clearing clutter has tremendously improved my mood.,depression
759,"I‚Äôm going to do it, I‚Äôm going to end it all",depression
760,No hope for anything,depression
761,I'm related to the person who psychologically abused me.,depression
762,When someone extends a hand to help you up reach out and accept it. It might be the defining moment of your life.,depression
763,GetMotivated is just saccharine garbage,depression
764,I don‚Äôt know why I feel this way,depression
765,I couldn‚Äôt do it anymore,depression
766,weight gain,depression
767,My mothers noticed I've been down.,depression
768,Problems with road trips,depression
769,I feel trapped and I'm hurting my family,depression
770,I dont know what to do anymore,depression
771,I think I‚Äôm going crazy and I need serious help!,depression
772,what do you do when your asian parents call you fat?,depression
773,how do I make a cry for help,depression
774,Never thought I would say this but... (A case for telling your truth),depression
775,The worse dream in my life (until now),depression
776,I hate my life. It has to change or I'll end it myself.,depression
777,I just went for my first counselling session,depression
778,Still Trudging Forward,depression
779,Terrified to open Exam Results Email,depression
780,Feels so weird pretending everything is fine,depression
781,Realizing happiness can't last :(,depression
782,I told my ex that I‚Äôm suicidal,depression
783,Advice?,depression
784,What are some challenges to come?,depression
785,Faith in humanity is bs,depression
786,Hiding depression from family because sibling already has a mental condition,depression
787,Guys I need help,depression
788,How do I stop,depression
789,I'm Just Tired,depression
790,Never over,depression
791,Sad again,depression
792,"My depression will be manageable soon, but right now, it‚Äôs unbearable.",depression
793,I dunno what to do.,depression
794,My life is getting worse.,depression
795,I need advice,depression
796,"Unsure if i'm depressed, but I don't know what to do.",depression
797,I feel guilty Everytime I see my parents,depression
798,"Feeling like giving up, so done",depression
799,Fuck life,depression
800,What is wrong with me?,depression
801,I think we were all destined to be great,depression
802,DAE feel even worse when eating?,depression
803,I'm 97% sure I'm not gonna kill myself but I cant stop thinking about it and it doesn't let me sleep,depression
804,what is happening ?,depression
805,Everything is bad here‚Äôs why,depression
806,"I can‚Äôt stop crying (23, m)",depression
807,Some dumb rant.,depression
808,Im tired of everything.,depression
809,Which would you rather have?,depression
810,"First Time, Long Time",depression
811,Does anybody else joke about their depression because It helps them deal with it?,depression
812,(TMI?) How do you deal with your period during a depressive episode?,depression
813,"I'm a mess that does everything wrong, yet I don't care.",depression
814,Finally got help today,depression
815,Some advice,depression
816,lost a friend tw,depression
817,"This may not be considered a ‚Äúwin‚Äù, but to me it is",depression
818,Im drunk as fuck and tired of being tired,depression
819,Sometimes life is good,depression
820,i had one of the best days of my life,depression
821,I hate myself,depression
822,Is being tired ALL the time really a symptom? Or is there something else going on,depression
823,Every little bit helps.,depression
824,How do you deal with loneliness and being single in general?,depression
825,I will always be lonely,depression
826,Life has turned meaningless,depression
827,Does Anyone else feel scared that there friends hate them?,depression
828,Scared of living alone,depression
829,Moving back Home,depression
830,I should end it.,depression
831,Worthless piece of shit,depression
832,Seeing a psychiatrist alone underage,depression
833,My story so far,depression
834,Does anyone else get brief manic episodes when stressed and then crash?,depression
835,Saviour,depression
836,I'm so shitty to everyone. Why am I like this,depression
837,Valid reason for suicide (?),depression
838,"I feel like I might have depression, but I‚Äôm also scared of seeing a therapist",depression
839,I'm going to be alone for the rest of my life,depression
840,I honestly don‚Äôt like most people,depression
841,Just looking for a place to say this,depression
842,Opening up to people in my life has never helped me,depression
843,"Tried to kill myself and failed, what do I do now?",depression
844,What encourages you to stay in touch with friends when you are depressed or/and when you just don't want to,depression
845,Anyone else beginning to lose their appetite?,depression
846,Lonley and feeling the drag...,depression
847,Life has never been good and will never get better.,depression
848,I am nobody.. and i dont want to be anybody,depression
849,Many things I want to get out of my head but still will chase me,depression
850,Right place to post?,depression
851,Found out my crush found someone else. I honestly don't want to keep going on anymore.,depression
852,Hypothetical,depression
853,Light's,depression
854,Getting rid of social media - that isn't Reddit!,depression
855,"Why do some people seem to matter more, and get much more love, than others?",depression
856,I feel like depression has ruined my friendships.,depression
857,Losing friends.,depression
858,it's hypocrisy day again.,depression
859,I need some advice,depression
860,Worst summer I ever had,depression
861,I‚Äôm fed up with fighting,depression
862,I hate myself.,depression
863,The company I work for is a shit show and it makes me even more miserable.,depression
864,Bursts of Energy???,depression
865,Creeping,depression
866,Fuck this shit,depression
867,When your not normal you have to spend huge amounts of energy acting like you are,depression
868,Summer of fun my ass,depression
869,"I'm so tired, what's the point",depression
870,We f**ked up with you.,depression
871,Baby fever hurts.,depression
872,Googling suicide methods brings me comfort,depression
873,Antidepressant withdrawal rant!!,depression
874,After 5 years I‚Äôve given up,depression
875,Being adult is fucking sucks,depression
876,I don't want to die today,depression
877,The small steps,depression
878,"I'm tired of being alone, and it's all I have to look forward to.",depression
879,I feel like im stuck in a endless cycle of pain,depression
880,What is not being depressed like?,depression
881,How can I stop being a burden to my friends and family?,depression
882,"Fellow depressed people, what are some things you do that make your days a little more tolerable?",depression
883,I just want to cry.,depression
884,How do I explain to my parents about my depression?!,depression
885,I cause most of my problems myself,depression
886,Sometimes specific smells or sounds or temperature can remind me of a bad time and send me straight into an episode,depression
887,I dont know what triggered my depression.,depression
888,I'm just tired...,depression
889,It sucks when you have just one or two friends who have a much larger friend circle that you are not a part of.,depression
890,Would it be wrong to kill myself?,depression
891,Don‚Äôt want to get better but still feel hopeless,depression
892,Its really cool how I have to pay someone to care about me.,depression
893,Monday‚Äôs are the ones with highest suicide rates,depression
894,I cut myself for the first time in seven years.,depression
895,"I'm helping to organise a company wide mental health awareness week for suicide awareness, and want your input to help others in the same situation.",depression
896,I just need to tell someone,depression
897,I feel worthless,depression
898,can't process death,depression
899,Bad day.,depression
900,My grandma is dying,depression
901,"Is my depression ""reasonable"" considering the circumstances? (male 26)",depression
902,Does anyone else struggle with panic attacks?,depression
903,Im not even sure if im depressed,depression
904,It's ironic. I simultaneously feel like a burden being alive and feel like my suicide would be a burden too.,depression
905,Kill. Me.,depression
906,Man up,depression
907,Work sucks.,depression
908,I was doing so well... Now it claws at my bones to come back,depression
909,It's scary how comfortable I've become.,depression
910,I feel it coming back,depression
911,Coping and Help,depression
912,Decided to post,depression
913,I Don't know how to keep going,depression
914,Am i fucking myself up even more?,depression
915,Is it normal that i feel sad whenever i see that my mom is sad?,depression
916,Life is worthless,depression
917,Does anyone else get really annoyed and angry at your mom or dad? And feel guilty after?,depression
918,"It‚Äôs like Courtney Barnett is in my head, are you thinking the same thing? (Her song ‚ÄúEverybody here hates you.‚Äù)",depression
919,"I'm almost 30, haven't worked in 3 years, no car, no license, no friends, limited amount of money &amp; will be homeless soon...",depression
920,How do I get help ?,depression
921,[NSFW?] How do you cope with low libido (especially while being medicated)?,depression
922,Why do i keep chasing. I end up falling anyways.,depression
923,Trapped in prison,depression
924,What's the point?,depression
925,I‚Äôm in so much pain rn. I‚Äôve slept all weekend and I‚Äôm not tired enough to sleep it off. I don‚Äôt know what to do.,depression
926,How Neon Genesis Evangelion helped my recovery,depression
927,Annoying friends,depression
928,It‚Äôs happening again,depression
929,Pics,depression
930,Please help me,depression
931,First ever thoughts about ending it for real,depression
932,How can i deal with rejection,depression
933,My bunny passed away and I feel like absolute hell,depression
934,This world is broken,depression
935,My wife of 4 years (6 years total) left me for a woman. It's been 6 months and 10 days. I still feel like shit. Any advise?,depression
936,Guys please how do I make it go away,depression
937,Just listened to kanye talk about bp on letterman,depression
938,I hate myself and everyone else,depression
939,Just typ something down here,depression
940,I don‚Äôt enjoy anything anymore.,depression
941,I don't know how to talk to my friends about my mental health,depression
942,"I am a normal person, just like everyone else. I just got a mask infront of my face to hide the monster that is my depression",depression
943,Dissociated af lately,depression
944,Life turned to shit,depression
945,how do you know you‚Äôre getting bad again?,depression
946,i feel purposeless/empty/worthless and i have no personality or friends i have nothing no skills. Im pathetic and sad. No one likes me. Im sooo boring. How do i stop chasing others approval/attention? How do i being a boring/bland nice guy??,depression
947,What do you do when therapy and taking care of yourself doesn't help?,depression
948,I feel like i want to detach from my friends and from people i know.,depression
949,Soon I'll be out of school and never back again,depression
950,"All I wanna do is sleep, all day, every day",depression
951,I thought i was finally happy but it all came back..,depression
952,Fell into a pit,depression
953,I need help,depression
954,Depressed mom,depression
955,Coping for depression,depression
956,I don't feel like I want people to make me happy,depression
957,closing a dark chapter of my life,depression
958,Completely given up on socializing,depression
959,Existence is mostly shit,depression
960,Dead inside.......,depression
961,I Give Up,depression
962,Am I fucked up,depression
963,Happiness seems like a task to teraform mars,depression
964,Some days I have to speak,depression
965,I fuking quit,depression
966,Experiences with Sertraline,depression
967,I am too wierd and it is not getting better.,depression
968,"Anyone else feel like they're a time bomb, not even sure if/when you'll explode?",depression
969,"I stopped talking,(social media posts, texting etc) and reaching out for connections(hangouts etc) because ones seemed to brush me off, and new potential friendships have me anxious they will let go and forget me too.",depression
970,I don't know how to kill myself,depression
971,Letters to my ex now I realise the shit I did.,depression
972,How do I know if I‚Äôm really depressed?,depression
973,Cruel World (my own work),depression
974,a hot mess express,depression
975,kinda just need to vent,depression
976,I don't know who I am to the point that I don't even know what I want to buy myself for my birthday,depression
977,Im scared,depression
978,i kind of just need to vent.,depression
979,Disappear,depression
980,"Don't want to know myself anymore, I'm ready to join the stars",depression
981,Long time Depressed &amp; not sure if my partner is right for me? Confused,depression
982,Old loser,depression
983,I feel bad for having depression,depression
984,I feel trapped,depression
985,i need help,depression
986,Daily momentary pits of desperation,depression
987,"Does anyone else get really happy and motivated for a few hours to a few days, just to fall off the edge again?",depression
988,I‚Äôve noticed that I feel better about myself/ relief after purposely hurting myself,depression
989,I wake up feeling overwhelming regret.,depression
990,Is this a hidden state of depression?,depression
991,I‚Äôm not gonna be on here anymore and I wanted to be dramatic,depression
992,Catch 22,depression
993,I feel as though I am out of options,depression
994,I need help,depression
995,Convincing Parent who don't believe depression ( the mental illness) is a mental illness,depression
996,Will I ever feel like life was worth it?,depression
997,"Last night one of the most humiliating, weirdest horrible things happened to me at a wedding...",depression
